Time,Status,Long,Lat,Alt
1593297862,A,-82.4233398,36.372966,485.2
1593297862,A,-82.4233182,36.3729487,485.3
1593297863,A,-82.4232962,36.3729313,485.3
1593297863,A,-82.4232743,36.3729142,485.3
1593297863,A,-82.4232523,36.3728975,485.4
1593297863,A,-82.4232302,36.3728802,485.4
1593297863,A,-82.423208,36.3728633,485.5
1593297863,A,-82.423186,36.3728467,485.5
1593297863,A,-82.4231637,36.3728298,485.6
1593297863,A,-82.4231413,36.372813,485.6
1593297863,A,-82.4231188,36.3727963,485.6
1593297863,A,-82.4230963,36.3727795,485.7
1593297864,A,-82.4230738,36.3727627,485.8
1593297864,A,-82.423051,36.372746,485.8
1593297864,A,-82.4230282,36.3727292,485.9
1593297864,A,-82.4230055,36.372713,485.9
1593297864,A,-82.4229825,36.3726965,485.9
1593297864,A,-82.4229597,36.3726802,486
1593297864,A,-82.4229365,36.3726638,486
1593297864,A,-82.4229133,36.3726473,486
1593297864,A,-82.4228902,36.372631,486.1
1593297864,A,-82.4228667,36.3726148,486.1
1593297865,A,-82.4228433,36.3725988,486.2
1593297865,A,-82.4228198,36.372583,486.2
1593297865,A,-82.422796,36.3725667,486.2
1593297865,A,-82.4227725,36.3725508,486.3
1593297865,A,-82.4227488,36.3725352,486.3
1593297865,A,-82.4227248,36.372519,486.3
1593297865,A,-82.4227012,36.3725037,486.4
1593297865,A,-82.4226772,36.3724883,486.4
1593297884,A,-82.4174403,36.3700135,476.7
1593297885,A,-82.417412,36.370002,476.6
1593297885,A,-82.4173835,36.3699907,476.4
1593297885,A,-82.4173553,36.3699792,476.3
1593297885,A,-82.417327,36.3699677,476.2
1593297885,A,-82.4172987,36.3699562,476.1
1593297885,A,-82.4172703,36.3699447,476
1593297885,A,-82.4172418,36.3699332,475.9
1593297885,A,-82.4172135,36.3699215,475.8
1593297885,A,-82.417185,36.36991,475.7
1593297885,A,-82.4171567,36.3698983,475.6
1593297886,A,-82.4171282,36.3698867,475.5
1593297886,A,-82.4170998,36.369875,475.4
1593297886,A,-82.4170712,36.3698633,475.3
1593297886,A,-82.4170427,36.3698513,475.2
1593297886,A,-82.4170142,36.3698393,475.1
1593297886,A,-82.4169857,36.3698275,475
1593297886,A,-82.4169572,36.3698153,474.9
1593297886,A,-82.4169287,36.3698033,474.8
1593297886,A,-82.4169003,36.369791,474.7
1593297886,A,-82.4168718,36.3697785,474.5
1593297887,A,-82.4168437,36.369766,474.4
1593297887,A,-82.4168153,36.3697533,474.3
1593297887,A,-82.4167872,36.3697405,474.2
1593297887,A,-82.4167592,36.3697275,474.1
1593297887,A,-82.416731,36.3697145,473.9
1593297887,A,-82.4167032,36.3697013,473.8
1593297887,A,-82.4166752,36.3696882,473.7
1593297887,A,-82.4166473,36.3696748,473.6
1593297887,A,-82.4166197,36.3696612,473.5
1593297887,A,-82.416592,36.3696477,473.4
1593297888,A,-82.4165645,36.3696342,473.3
1593297888,A,-82.416537,36.3696203,473.3
1593297888,A,-82.4165097,36.3696065,473.1
1593297888,A,-82.4164823,36.3695925,473.1
1593297888,A,-82.4164552,36.3695785,473
1593297888,A,-82.416428,36.3695642,472.9
1593297888,A,-82.416401,36.3695498,472.8
1593297888,A,-82.4163742,36.3695353,472.7
1593297888,A,-82.4163475,36.3695208,472.7
1593297888,A,-82.4163207,36.3695062,472.6
1593297889,A,-82.416294,36.3694915,472.5
1593297889,A,-82.4162672,36.3694765,472.4
1593297889,A,-82.4162407,36.3694615,472.4
1593297889,A,-82.4162142,36.3694465,472.4
1593297889,A,-82.4161878,36.3694315,472.3
1593297889,A,-82.4161613,36.3694163,472.2
1593297889,A,-82.416135,36.3694012,472.1
1593297889,A,-82.4161088,36.3693858,472.1
1593297889,A,-82.4160827,36.3693705,472
1593297889,A,-82.4160567,36.3693552,472
1593297890,A,-82.4160305,36.3693397,471.9
1593297890,A,-82.4160043,36.369324,471.9
1593297890,A,-82.4159785,36.3693083,471.8
1593297890,A,-82.4159527,36.3692927,471.8
1593297890,A,-82.4159267,36.3692768,471.7
1593297890,A,-82.4159008,36.369261,471.7
1593297890,A,-82.415875,36.369245,471.6
1593297890,A,-82.4158492,36.369229,471.6
1593297890,A,-82.4158235,36.3692132,471.6
1593297890,A,-82.4157978,36.3691972,471.5
1593297891,A,-82.4157722,36.369181,471.5
1593297891,A,-82.4157465,36.3691648,471.5
1593297891,A,-82.4157208,36.3691487,471.5
1593297891,A,-82.4156953,36.3691325,471.4
1593297891,A,-82.4156698,36.369116,471.4
1593297891,A,-82.4156443,36.3690997,471.4
1593297891,A,-82.4156188,36.3690833,471.4
1593297891,A,-82.4155933,36.3690668,471.3
1593297891,A,-82.4155678,36.3690503,471.3
1593297891,A,-82.4155423,36.3690338,471.3
1593297892,A,-82.415517,36.3690173,471.3
1593297892,A,-82.4154918,36.3690008,471.2
1593297892,A,-82.4154667,36.368984,471.2
1593297892,A,-82.4154415,36.3689677,471.2
1593297892,A,-82.4154163,36.3689508,471.2
1593297892,A,-82.4153912,36.3689345,471.2
1593297892,A,-82.4153662,36.3689175,471.2
1593297892,A,-82.4153412,36.3689013,471.1
1593297892,A,-82.4153162,36.3688847,471.1
1593297892,A,-82.4152913,36.3688682,471.1
1593297893,A,-82.4152665,36.3688513,471.1
1593297893,A,-82.4152418,36.3688348,471.1
1593297893,A,-82.415217,36.3688182,471.1
1593297893,A,-82.4151923,36.3688015,471.1
1593297893,A,-82.4151677,36.3687845,471.1
1593297893,A,-82.415143,36.368768,471.1
1593297893,A,-82.4151187,36.3687512,471.1
1593297893,A,-82.4150942,36.3687345,471.1
1593297893,A,-82.4150698,36.3687178,471.1
1593297893,A,-82.4150455,36.3687008,471.1
1593297894,A,-82.4150213,36.3686842,471.1
1593297894,A,-82.4149972,36.3686675,471.1
1593297894,A,-82.414973,36.3686505,471.1
1593297894,A,-82.4149488,36.368634,471.1
1593297894,A,-82.4149248,36.3686172,471.2
1593297894,A,-82.414901,36.3686005,471.2
1593297894,A,-82.414877,36.3685838,471.2
1593297894,A,-82.4148532,36.3685668,471.3
1593297894,A,-82.4148295,36.3685502,471.3
1593297894,A,-82.4148057,36.3685332,471.3
1593297895,A,-82.4147822,36.3685163,471.4
1593297895,A,-82.4147587,36.3684995,471.4
1593297895,A,-82.4147353,36.3684823,471.4
1593297895,A,-82.4147118,36.3684657,471.4
1593297895,A,-82.4146885,36.3684487,471.5
1593297895,A,-82.4146653,36.3684317,471.5
1593297895,A,-82.4146422,36.3684147,471.5
1593297895,A,-82.414619,36.3683977,471.6
1593297895,A,-82.4145958,36.3683807,471.6
1593297895,A,-82.4145728,36.3683635,471.7
1593297896,A,-82.4145498,36.3683465,471.7
1593297896,A,-82.414527,36.3683293,471.8
1593297896,A,-82.414504,36.368312,471.9
1593297896,A,-82.4144813,36.3682948,471.9
1593297896,A,-82.4144587,36.3682775,472
1593297896,A,-82.414436,36.3682602,472
1593297896,A,-82.4144135,36.3682428,472.1
1593297896,A,-82.414391,36.3682253,472.2
1593297896,A,-82.4143683,36.3682078,472.2
1593297896,A,-82.414346,36.3681902,472.3
1593297897,A,-82.4143237,36.3681727,472.3
1593297897,A,-82.4143012,36.368155,472.4
1593297897,A,-82.414279,36.3681373,472.4
1593297897,A,-82.4142567,36.3681195,472.5
1593297897,A,-82.4142347,36.3681018,472.6
1593297897,A,-82.4142125,36.3680838,472.6
1593297897,A,-82.4141905,36.368066,472.6
1593297897,A,-82.4141685,36.3680482,472.7
1593297897,A,-82.4141465,36.3680302,472.8
1593297897,A,-82.4141248,36.3680123,472.9
1593297898,A,-82.414103,36.3679943,472.9
1593297898,A,-82.4140813,36.3679763,473
1593297898,A,-82.4140598,36.3679583,473.1
1593297898,A,-82.4140383,36.3679402,473.2
1593297898,A,-82.4140168,36.3679222,473.2
1593297898,A,-82.4139955,36.367904,473.3
1593297898,A,-82.4139742,36.3678858,473.3
1593297898,A,-82.413953,36.3678677,473.4
1593297898,A,-82.413932,36.3678495,473.5
1593297898,A,-82.4139112,36.3678313,473.5
1593297899,A,-82.4138905,36.3678132,473.6
1593297899,A,-82.4138697,36.3677948,473.6
1593297899,A,-82.413849,36.3677767,473.7
1593297899,A,-82.4138285,36.3677585,473.8
1593297899,A,-82.4138083,36.36774,473.9
1593297899,A,-82.4137878,36.3677218,474
1593297899,A,-82.4137677,36.367704,474.1
1593297899,A,-82.4137475,36.367686,474.1
1593297899,A,-82.4137273,36.367668,474.2
1593297899,A,-82.4137068,36.3676502,474.3
1593297900,A,-82.413687,36.3676313,474.4
1593297900,A,-82.4136675,36.3676128,474.4
1593297900,A,-82.413648,36.3675947,474.4
1593297900,A,-82.4136282,36.3675763,474.5
1593297900,A,-82.4136087,36.367558,474.6
1593297900,A,-82.4135893,36.3675398,474.7
1593297900,A,-82.41357,36.3675215,474.8
1593297900,A,-82.4135508,36.367503,474.9
1593297900,A,-82.4135315,36.3674848,474.9
1593297900,A,-82.4135125,36.3674665,475
1593297901,A,-82.4134933,36.3674482,475.1
1593297901,A,-82.4134742,36.3674298,475.2
1593297901,A,-82.4134552,36.3674112,475.3
1593297901,A,-82.413436,36.3673927,475.4
1593297901,A,-82.413417,36.3673743,475.5
1593297901,A,-82.4133982,36.3673557,475.6
1593297901,A,-82.4133792,36.3673372,475.7
1593297901,A,-82.4133605,36.3673185,475.8
1593297901,A,-82.4133418,36.3673,475.9
1593297901,A,-82.4133232,36.3672812,476
1593297902,A,-82.4133047,36.3672625,476.1
1593297902,A,-82.413286,36.3672438,476.2
1593297902,A,-82.4132675,36.367225,476.3
1593297902,A,-82.4132493,36.3672062,476.5
1593297902,A,-82.4132308,36.3671873,476.6
1593297902,A,-82.4132125,36.3671685,476.7
1593297902,A,-82.4131942,36.3671495,476.8
1593297902,A,-82.4131762,36.3671307,477
1593297902,A,-82.413158,36.3671118,477.1
1593297902,A,-82.4131398,36.3670927,477.2
1593297903,A,-82.4131218,36.3670737,477.3
1593297903,A,-82.4131038,36.3670545,477.4
1593297903,A,-82.413086,36.3670353,477.5
1593297903,A,-82.4130682,36.3670162,477.6
1593297903,A,-82.4130503,36.3669968,477.7
1593297903,A,-82.4130327,36.3669777,477.8
1593297903,A,-82.413015,36.3669582,477.9
1593297903,A,-82.4129975,36.3669388,478
1593297903,A,-82.4129798,36.3669193,478.1
1593297903,A,-82.4129623,36.3668998,478.2
1593297904,A,-82.412945,36.3668803,478.3
1593297904,A,-82.4129275,36.366861,478.4
1593297904,A,-82.4129102,36.3668415,478.5
1593297904,A,-82.4128928,36.3668217,478.6
1593297904,A,-82.4128757,36.3668022,478.7
1593297904,A,-82.4128585,36.3667825,478.8
1593297904,A,-82.4128413,36.3667627,479
1593297904,A,-82.4128242,36.366743,479.1
1593297904,A,-82.412807,36.3667233,479.3
1593297904,A,-82.4127902,36.3667035,479.4
1593297905,A,-82.4127733,36.3666835,479.5
1593297905,A,-82.4127563,36.3666638,479.6
1593297905,A,-82.4127395,36.366644,479.8
1593297905,A,-82.4127228,36.3666242,479.9
1593297905,A,-82.412706,36.3666043,480
1593297905,A,-82.4126893,36.3665845,480.2
1593297905,A,-82.4126727,36.3665643,480.4
1593297905,A,-82.412656,36.3665443,480.5
1593297905,A,-82.4126397,36.3665242,480.6
1593297905,A,-82.4126233,36.3665038,480.8
1593297906,A,-82.412607,36.3664837,480.9
1593297906,A,-82.4125907,36.3664637,480.9
1593297906,A,-82.4125742,36.3664435,481
1593297906,A,-82.4125582,36.3664233,481.2
1593297906,A,-82.412542,36.366403,481.2
1593297906,A,-82.4125258,36.3663828,481.3
1593297906,A,-82.4125097,36.3663625,481.4
1593297906,A,-82.4124937,36.366343,481.6
1593297906,A,-82.4124777,36.3663228,481.7
1593297906,A,-82.4124615,36.366303,481.8
1593297907,A,-82.4124453,36.3662828,482
1593297907,A,-82.4124292,36.366263,482.1
1593297907,A,-82.4124133,36.3662427,482.2
1593297907,A,-82.4123972,36.3662222,482.3
1593297907,A,-82.4123815,36.3662018,482.4
1593297907,A,-82.4123653,36.3661813,482.5
1593297907,A,-82.4123497,36.3661607,482.6
1593297907,A,-82.412334,36.3661403,482.7
1593297907,A,-82.4123182,36.3661197,482.8
1593297907,A,-82.4123023,36.3660993,482.9
1593297908,A,-82.4122867,36.366079,483
1593297908,A,-82.412271,36.3660587,483.1
1593297908,A,-82.4122555,36.3660382,483.2
1593297908,A,-82.41224,36.3660178,483.3
1593297908,A,-82.4122245,36.3659975,483.4
1593297908,A,-82.4122092,36.3659773,483.5
1593297908,A,-82.4121937,36.3659573,483.6
1593297908,A,-82.4121782,36.3659373,483.7
1593297908,A,-82.4121628,36.3659173,483.8
1593297908,A,-82.4121477,36.3658973,483.9
1593297909,A,-82.4121323,36.3658773,484
1593297909,A,-82.4121172,36.3658575,484.1
1593297909,A,-82.4121023,36.3658375,484.2
1593297909,A,-82.4120873,36.3658175,484.3
1593297909,A,-82.4120727,36.3657973,484.3
1593297909,A,-82.4120573,36.3657778,484.3
1593297909,A,-82.4120425,36.365758,484.5
1593297909,A,-82.4120275,36.3657383,484.5
1593297909,A,-82.4120123,36.3657185,484.6
1593297909,A,-82.4119973,36.3656988,484.7
1593297910,A,-82.4119822,36.3656792,484.8
1593297910,A,-82.4119672,36.3656595,484.9
1593297910,A,-82.4119522,36.3656397,485
1593297910,A,-82.411937,36.3656198,485.1
1593297910,A,-82.4119217,36.3656002,485.1
1593297910,A,-82.4119065,36.3655803,485.3
1593297910,A,-82.4118913,36.3655607,485.3
1593297910,A,-82.4118762,36.3655408,485.4
1593297910,A,-82.411861,36.3655212,485.5
1593297910,A,-82.4118458,36.3655017,485.7
1593297911,A,-82.4118307,36.3654818,485.7
1593297911,A,-82.4118153,36.3654622,485.8
1593297911,A,-82.4118002,36.3654425,486
1593297911,A,-82.4117848,36.3654228,486
1593297911,A,-82.4117695,36.3654033,486.2
1593297911,A,-82.4117542,36.3653837,486.3
1593297911,A,-82.4117388,36.365364,486.4
1593297911,A,-82.4117235,36.3653443,486.6
1593297911,A,-82.4117082,36.3653248,486.7
1593297911,A,-82.4116927,36.3653052,486.8
1593297912,A,-82.4116773,36.3652855,486.9
1593297912,A,-82.411662,36.3652658,487
1593297912,A,-82.4116467,36.3652463,487.1
1593297912,A,-82.4116315,36.3652268,487.2
1593297912,A,-82.4116162,36.3652072,487.3
1593297912,A,-82.4116007,36.3651877,487.4
1593297912,A,-82.4115853,36.3651682,487.5
1593297912,A,-82.41157,36.3651487,487.6
1593297912,A,-82.4115545,36.365129,487.7
1593297912,A,-82.4115388,36.3651095,487.8
1593297913,A,-82.4115233,36.36509,487.9
1593297913,A,-82.4115078,36.3650705,488
1593297913,A,-82.4114922,36.365051,488
1593297913,A,-82.4114767,36.3650315,488.1
1593297913,A,-82.411461,36.365012,488.2
1593297913,A,-82.4114452,36.3649927,488.3
1593297913,A,-82.4114295,36.3649732,488.3
1593297913,A,-82.4114138,36.3649538,488.4
1593297913,A,-82.411398,36.3649343,488.5
1593297913,A,-82.4113822,36.364915,488.6
1593297914,A,-82.411366,36.3648957,488.7
1593297914,A,-82.4113502,36.3648762,488.8
1593297914,A,-82.411334,36.364857,489
1593297914,A,-82.4113178,36.3648377,489.1
1593297914,A,-82.4113017,36.3648183,489.2
1593297914,A,-82.4112855,36.3647992,489.3
1593297914,A,-82.4112692,36.36478,489.4
1593297914,A,-82.4112527,36.3647607,489.5
1593297914,A,-82.4112363,36.3647417,489.7
1593297914,A,-82.4112197,36.3647223,489.7
1593297915,A,-82.4112032,36.3647033,489.8
1593297915,A,-82.4111865,36.3646842,489.9
1593297915,A,-82.4111697,36.3646652,490.1
1593297915,A,-82.411153,36.364646,490.2
1593297915,A,-82.4111362,36.3646272,490.3
1593297915,A,-82.4111192,36.3646082,490.4
1593297915,A,-82.4111023,36.3645893,490.5
1593297915,A,-82.4110852,36.3645705,490.6
1593297915,A,-82.411068,36.3645518,490.7
1593297915,A,-82.4110508,36.3645332,490.8
1593297916,A,-82.4110337,36.3645145,490.9
1593297916,A,-82.4110163,36.364496,491
1593297916,A,-82.4109988,36.3644775,491.1
1593297916,A,-82.4109815,36.364459,491.2
1593297916,A,-82.410964,36.3644407,491.3
1593297916,A,-82.4109467,36.3644223,491.5
1593297916,A,-82.410929,36.364404,491.6
1593297916,A,-82.4109115,36.3643858,491.7
1593297916,A,-82.4108938,36.3643677,491.8
1593297916,A,-82.410876,36.3643497,491.9
1593297917,A,-82.4108582,36.3643317,492
1593297917,A,-82.4108403,36.3643138,492.1
1593297917,A,-82.4108225,36.3642958,492.1
1593297917,A,-82.4108045,36.3642782,492.2
1593297917,A,-82.4107865,36.3642605,492.3
1593297917,A,-82.4107683,36.3642427,492.4
1593297917,A,-82.4107502,36.364225,492.5
1593297917,A,-82.410732,36.3642075,492.6
1593297917,A,-82.4107137,36.36419,492.7
1593297917,A,-82.4106953,36.3641727,492.8
1593297918,A,-82.410677,36.3641552,492.9
1593297918,A,-82.4106587,36.3641378,492.9
1593297918,A,-82.4106398,36.3641207,493
1593297918,A,-82.4106213,36.3641033,493.2
1593297918,A,-82.4106028,36.3640862,493.2
1593297918,A,-82.410584,36.364069,493.3
1593297918,A,-82.4105655,36.364052,493.4
1593297918,A,-82.4105468,36.3640348,493.5
1593297918,A,-82.4105282,36.364018,493.6
1593297918,A,-82.4105093,36.364001,493.7
1593297919,A,-82.4104907,36.363984,493.8
1593297919,A,-82.4104718,36.3639672,493.9
1593297919,A,-82.410453,36.3639505,494
1593297919,A,-82.4104342,36.3639337,494.1
1593297919,A,-82.4104153,36.363917,494.2
1593297919,A,-82.4103963,36.3639005,494.3
1593297919,A,-82.4103775,36.363884,494.4
1593297919,A,-82.4103585,36.3638673,494.5
1593297919,A,-82.4103397,36.363851,494.6
1593297919,A,-82.4103207,36.3638345,494.7
1593297920,A,-82.4103017,36.3638182,494.8
1593297920,A,-82.4102825,36.363802,494.9
1593297920,A,-82.4102633,36.3637858,494.9
1593297920,A,-82.410244,36.3637697,495.1
1593297920,A,-82.4102248,36.3637537,495.2
1593297920,A,-82.4102055,36.3637375,495.2
1593297920,A,-82.4101862,36.3637215,495.3
1593297920,A,-82.4101668,36.363706,495.4
1593297920,A,-82.4101475,36.3636903,495.5
1593297920,A,-82.4101282,36.3636745,495.6
1593297921,A,-82.4101087,36.3636588,495.7
1593297921,A,-82.4100893,36.3636432,495.8
1593297921,A,-82.4100698,36.3636275,495.9
1593297921,A,-82.4100503,36.363612,496
1593297921,A,-82.4100308,36.3635963,496.1
1593297921,A,-82.4100113,36.3635808,496.2
1593297921,A,-82.4099917,36.3635657,496.3
1593297921,A,-82.409972,36.3635502,496.4
1593297921,A,-82.4099522,36.363535,496.5
1593297921,A,-82.4099323,36.3635197,496.5
1593297922,A,-82.4099127,36.3635045,496.6
1593297922,A,-82.4098927,36.3634893,496.7
1593297922,A,-82.4098727,36.3634742,496.8
1593297922,A,-82.4098527,36.363459,496.9
1593297922,A,-82.4098327,36.3634445,497
1593297922,A,-82.4098125,36.3634297,497.1
1593297922,A,-82.4097923,36.363415,497.2
1593297922,A,-82.4097722,36.3634002,497.3
1593297922,A,-82.4097515,36.3633853,497.4
1593297922,A,-82.4097313,36.3633707,497.4
1593297923,A,-82.4097108,36.3633558,497.5
1593297923,A,-82.4096905,36.3633413,497.6
1593297923,A,-82.4096698,36.3633268,497.7
1593297923,A,-82.4096492,36.3633123,497.8
1593297923,A,-82.4096287,36.3632982,497.9
1593297923,A,-82.4096078,36.3632838,498
1593297923,A,-82.4095872,36.3632695,498.1
1593297923,A,-82.4095663,36.3632548,498.1
1593297923,A,-82.4095455,36.36324,498.2
1593297923,A,-82.4095245,36.3632258,498.2
1593297924,A,-82.4095035,36.3632115,498.4
1593297924,A,-82.4094827,36.3631972,498.4
1593297924,A,-82.4094617,36.3631832,498.5
1593297924,A,-82.4094407,36.3631692,498.6
1593297924,A,-82.4094195,36.3631548,498.7
1593297924,A,-82.4093985,36.363141,498.7
1593297924,A,-82.4093772,36.363127,498.8
1593297924,A,-82.4093558,36.3631128,498.9
1593297924,A,-82.4093347,36.363099,499
1593297924,A,-82.4093133,36.3630852,499.1
1593297925,A,-82.409292,36.3630712,499.2
1593297925,A,-82.4092707,36.3630575,499.3
1593297925,A,-82.4092492,36.3630435,499.3
1593297925,A,-82.4092277,36.3630297,499.4
1593297925,A,-82.4092062,36.3630157,499.5
1593297925,A,-82.4091845,36.3630015,499.6
1593297925,A,-82.4091628,36.3629877,499.7
1593297925,A,-82.4091412,36.3629738,499.8
1593297925,A,-82.4091195,36.36296,499.8
1593297925,A,-82.4090978,36.362946,499.9
1593297926,A,-82.4090762,36.3629322,500
1593297926,A,-82.4090543,36.3629182,500.1
1593297926,A,-82.4090327,36.3629043,500.2
1593297926,A,-82.409011,36.3628905,500.3
1593297926,A,-82.4089895,36.3628767,500.3
1593297926,A,-82.4089677,36.362863,500.4
1593297926,A,-82.4089462,36.3628497,500.5
1593297926,A,-82.4089245,36.3628358,500.6
1593297926,A,-82.408903,36.3628223,500.7
1593297926,A,-82.4088813,36.3628087,500.8
1593297927,A,-82.4088598,36.3627947,500.9
1593297927,A,-82.4088383,36.3627805,501
1593297927,A,-82.4088168,36.3627667,501.1
1593297927,A,-82.4087953,36.3627527,501.2
1593297927,A,-82.408774,36.362739,501.3
1593297927,A,-82.4087525,36.3627252,501.3
1593297927,A,-82.4087312,36.3627115,501.5
1593297927,A,-82.4087098,36.3626977,501.5
1593297927,A,-82.4086885,36.3626842,501.6
1593297927,A,-82.408667,36.3626707,501.7
1593297928,A,-82.4086457,36.362657,501.9
1593297928,A,-82.4086243,36.3626437,501.9
1593297928,A,-82.408603,36.3626302,502.1
1593297928,A,-82.4085818,36.3626165,502.1
1593297928,A,-82.4085603,36.3626027,502.2
1593297928,A,-82.4085392,36.362589,502.4
1593297928,A,-82.4085178,36.3625753,502.4
1593297928,A,-82.4084967,36.3625618,502.5
1593297928,A,-82.4084753,36.3625482,502.6
1593297928,A,-82.4084543,36.3625345,502.7
1593297929,A,-82.4084328,36.362521,502.8
1593297929,A,-82.4084122,36.3625073,502.9
1593297929,A,-82.4083913,36.3624937,502.9
1593297929,A,-82.4083703,36.36248,503
1593297929,A,-82.4083493,36.3624665,503.1
1593297929,A,-82.4083285,36.3624532,503.2
1593297929,A,-82.4083073,36.3624402,503.3
1593297929,A,-82.4082865,36.3624272,503.5
1593297929,A,-82.4082655,36.3624138,503.6
1593297929,A,-82.4082448,36.362401,503.6
1593297930,A,-82.4082242,36.3623877,503.7
1593297930,A,-82.4082037,36.3623742,503.7
1593297930,A,-82.4081832,36.3623608,503.8
1593297930,A,-82.4081625,36.3623475,503.9
1593297930,A,-82.408142,36.3623343,504
1593297930,A,-82.4081218,36.3623212,504
1593297930,A,-82.4081015,36.3623078,504.1
1593297930,A,-82.4080815,36.3622947,504.2
1593297930,A,-82.4080613,36.3622815,504.2
1593297930,A,-82.4080415,36.3622687,504.3
1593297931,A,-82.4080218,36.362256,504.4
1593297931,A,-82.4080025,36.3622435,504.5
1593297931,A,-82.4079828,36.3622307,504.5
1593297931,A,-82.4079635,36.3622183,504.6
1593297931,A,-82.407944,36.362206,504.6
1593297931,A,-82.4079243,36.3621935,504.7
1593297931,A,-82.407905,36.3621807,504.8
1593297931,A,-82.4078857,36.3621682,504.9
1593297931,A,-82.4078663,36.3621562,504.9
1593297931,A,-82.4078467,36.3621435,504.9
1593297932,A,-82.4078273,36.362131,505
1593297932,A,-82.4078078,36.3621183,505.1
1593297932,A,-82.4077882,36.3621058,505.1
1593297932,A,-82.4077687,36.3620935,505.2
1593297932,A,-82.407749,36.3620812,505.2
1593297932,A,-82.4077293,36.3620687,505.3
1593297932,A,-82.4077098,36.3620562,505.4
1593297932,A,-82.4076902,36.362044,505.4
1593297932,A,-82.4076707,36.3620317,505.5
1593297932,A,-82.407651,36.3620193,505.5
1593297933,A,-82.4076313,36.3620067,505.6
1593297933,A,-82.4076118,36.361994,505.7
1593297933,A,-82.407592,36.3619818,505.7
1593297933,A,-82.4075723,36.3619697,505.8
1593297933,A,-82.4075523,36.3619573,505.8
1593297933,A,-82.4075325,36.361945,505.9
1593297933,A,-82.4075132,36.3619327,506
1593297933,A,-82.4074932,36.3619202,506
1593297933,A,-82.4074735,36.361908,506.1
1593297933,A,-82.4074538,36.3618953,506.1
1593297934,A,-82.407434,36.3618827,506.2
1593297934,A,-82.4074145,36.3618705,506.2
1593297934,A,-82.4073945,36.361858,506.3
1593297934,A,-82.4073747,36.3618457,506.3
1593297934,A,-82.4073548,36.3618332,506.4
1593297934,A,-82.407335,36.3618207,506.4
1593297934,A,-82.4073152,36.3618083,506.5
1593297934,A,-82.4072952,36.3617957,506.6
1593297934,A,-82.4072753,36.3617832,506.6
1593297934,A,-82.4072555,36.3617707,506.7
1593297935,A,-82.4072357,36.3617578,506.7
1593297935,A,-82.4072157,36.3617453,506.7
1593297935,A,-82.4071957,36.361733,506.8
1593297935,A,-82.407176,36.36172,506.9
1593297935,A,-82.407156,36.3617073,506.9
1593297935,A,-82.4071362,36.3616945,506.9
1593297935,A,-82.4071162,36.3616813,507
1593297935,A,-82.4070963,36.3616685,507
1593297935,A,-82.4070762,36.361656,507
1593297935,A,-82.4070562,36.3616432,507.1
1593297936,A,-82.407036,36.3616303,507.1
1593297936,A,-82.4070162,36.3616173,507.1
1593297936,A,-82.4069958,36.3616043,507.1
1593297936,A,-82.4069757,36.3615913,507.2
1593297936,A,-82.4069555,36.3615783,507.2
1593297936,A,-82.4069353,36.3615652,507.2
1593297936,A,-82.4069152,36.3615522,507.3
1593297936,A,-82.4068948,36.361539,507.3
1593297936,A,-82.4068745,36.3615258,507.3
1593297936,A,-82.4068543,36.3615123,507.3
1593297937,A,-82.4068342,36.3614993,507.4
1593297937,A,-82.4068135,36.3614865,507.4
1593297937,A,-82.4067932,36.3614735,507.4
1593297937,A,-82.4067727,36.3614605,507.5
1593297937,A,-82.4067525,36.3614473,507.5
1593297937,A,-82.4067323,36.3614343,507.5
1593297937,A,-82.4067123,36.3614213,507.6
1593297937,A,-82.406692,36.3614085,507.6
1593297937,A,-82.4066718,36.3613957,507.6
1593297937,A,-82.4066517,36.3613827,507.6
1593297938,A,-82.4066317,36.3613702,507.7
1593297938,A,-82.4066118,36.3613573,507.7
1593297938,A,-82.4065918,36.3613445,507.7
1593297938,A,-82.406572,36.361332,507.7
1593297938,A,-82.406552,36.3613192,507.7
1593297938,A,-82.4065322,36.3613065,507.7
1593297938,A,-82.4065123,36.3612937,507.7
1593297938,A,-82.4064925,36.3612817,507.7
1593297938,A,-82.4064727,36.3612687,507.8
1593297938,A,-82.4064528,36.3612562,507.8
1593297939,A,-82.4064332,36.3612437,507.8
1593297939,A,-82.4064137,36.3612308,507.8
1593297939,A,-82.4063937,36.3612183,507.8
1593297939,A,-82.4063742,36.3612057,507.9
1593297939,A,-82.4063543,36.361193,507.8
1593297939,A,-82.4063348,36.3611803,507.8
1593297939,A,-82.4063152,36.3611677,507.8
1593297939,A,-82.4062955,36.3611552,507.8
1593297939,A,-82.4062762,36.3611428,507.8
1593297939,A,-82.4062563,36.3611303,507.8
1593297940,A,-82.4062368,36.3611178,507.9
1593297940,A,-82.4062175,36.3611058,507.9
1593297940,A,-82.4061982,36.3610935,507.9
1593297940,A,-82.4061787,36.3610808,507.8
1593297940,A,-82.4061593,36.3610685,507.9
1593297940,A,-82.4061398,36.3610558,507.8
1593297940,A,-82.4061205,36.3610433,507.8
1593297940,A,-82.4061008,36.3610312,507.8
1593297940,A,-82.4060817,36.3610187,507.8
1593297940,A,-82.4060622,36.3610065,507.8
1593297941,A,-82.406043,36.3609942,507.8
1593297941,A,-82.4060237,36.3609818,507.8
1593297941,A,-82.4060045,36.3609697,507.8
1593297941,A,-82.4059852,36.3609577,507.8
1593297941,A,-82.405966,36.3609455,507.8
1593297941,A,-82.405947,36.3609333,507.8
1593297941,A,-82.405928,36.3609215,507.8
1593297941,A,-82.4059088,36.3609097,507.8
1593297941,A,-82.4058897,36.3608972,507.8
1593297941,A,-82.4058708,36.3608848,507.8
1593297942,A,-82.4058517,36.3608727,507.7
1593297942,A,-82.4058327,36.3608607,507.7
1593297942,A,-82.4058135,36.3608485,507.7
1593297942,A,-82.4057945,36.3608363,507.7
1593297942,A,-82.4057755,36.3608243,507.7
1593297942,A,-82.4057563,36.3608122,507.7
1593297942,A,-82.4057373,36.3607998,507.7
1593297942,A,-82.4057185,36.3607882,507.7
1593297942,A,-82.4056997,36.3607758,507.7
1593297942,A,-82.405681,36.3607642,507.7
1593297943,A,-82.4056622,36.360752,507.6
1593297943,A,-82.4056435,36.36074,507.6
1593297943,A,-82.4056245,36.360728,507.6
1593297943,A,-82.405606,36.3607162,507.6
1593297943,A,-82.4055873,36.3607042,507.6
1593297943,A,-82.4055685,36.360692,507.6
1593297943,A,-82.4055502,36.3606802,507.6
1593297943,A,-82.4055313,36.360668,507.5
1593297943,A,-82.4055127,36.360656,507.5
1593297943,A,-82.4054942,36.3606438,507.5
1593297944,A,-82.4054755,36.3606317,507.4
1593297944,A,-82.4054568,36.3606197,507.4
1593297944,A,-82.4054383,36.3606078,507.4
1593297944,A,-82.4054198,36.3605958,507.4
1593297944,A,-82.4054012,36.3605842,507.3
1593297944,A,-82.4053825,36.360572,507.3
1593297944,A,-82.4053638,36.3605602,507.3
1593297944,A,-82.405345,36.360548,507.3
1593297944,A,-82.4053262,36.3605357,507.3
1593297944,A,-82.4053075,36.3605238,507.3
1593297945,A,-82.405289,36.360512,507.2
1593297945,A,-82.4052703,36.3604998,507.2
1593297945,A,-82.4052517,36.3604877,507.2
1593297945,A,-82.405233,36.3604758,507.1
1593297945,A,-82.4052145,36.360464,507.1
1593297945,A,-82.4051958,36.360452,507.1
1593297945,A,-82.4051772,36.3604398,507.1
1593297945,A,-82.4051587,36.360428,507
1593297945,A,-82.4051402,36.3604158,507
1593297945,A,-82.4051215,36.3604038,506.9
1593297946,A,-82.405103,36.360392,506.9
1593297946,A,-82.4050842,36.3603798,506.9
1593297946,A,-82.4050657,36.3603677,506.8
1593297946,A,-82.4050468,36.3603557,506.7
1593297946,A,-82.4050282,36.3603437,506.7
1593297946,A,-82.4050093,36.3603313,506.7
1593297946,A,-82.4049907,36.3603195,506.6
1593297946,A,-82.4049717,36.3603077,506.6
1593297946,A,-82.404953,36.3602955,506.5
1593297946,A,-82.4049342,36.3602833,506.5
1593297947,A,-82.4049152,36.3602715,506.5
1593297947,A,-82.4048963,36.3602592,506.5
1593297947,A,-82.4048777,36.3602473,506.4
1593297947,A,-82.4048588,36.3602355,506.3
1593297947,A,-82.40484,36.360224,506.4
1593297947,A,-82.4048213,36.3602123,506.3
1593297947,A,-82.4048023,36.3602,506.3
1593297947,A,-82.4047833,36.3601877,506.3
1593297947,A,-82.4047643,36.3601757,506.2
1593297947,A,-82.4047457,36.3601633,506.2
1593297948,A,-82.4047267,36.360151,506.1
1593297948,A,-82.4047078,36.3601385,506.1
1593297948,A,-82.4046887,36.3601265,506
1593297948,A,-82.40467,36.3601138,506
1593297948,A,-82.404651,36.3601015,505.9
1593297948,A,-82.4046318,36.3600892,505.9
1593297948,A,-82.4046128,36.360077,505.9
1593297948,A,-82.4045938,36.3600643,505.8
1593297948,A,-82.4045748,36.3600518,505.8
1593297948,A,-82.4045558,36.3600392,505.7
1593297949,A,-82.4045368,36.3600265,505.7
1593297949,A,-82.4045178,36.360014,505.6
1593297949,A,-82.4044988,36.3600013,505.6
1593297949,A,-82.4044798,36.3599887,505.6
1593297949,A,-82.404461,36.3599758,505.5
1593297949,A,-82.404442,36.359963,505.4
1593297949,A,-82.4044232,36.3599502,505.4
1593297949,A,-82.4044043,36.3599375,505.3
1593297949,A,-82.4043853,36.3599245,505.2
1593297949,A,-82.4043663,36.3599117,505.2
1593297950,A,-82.4043473,36.3598987,505.2
1593297950,A,-82.4043285,36.3598858,505.1
1593297950,A,-82.4043095,36.3598727,505.1
1593297950,A,-82.4042905,36.35986,505
1593297950,A,-82.4042715,36.359847,504.9
1593297950,A,-82.4042525,36.3598338,504.9
1593297950,A,-82.4042335,36.359821,504.8
1593297950,A,-82.4042143,36.3598077,504.7
1593297950,A,-82.4041953,36.3597945,504.7
1593297950,A,-82.4041762,36.3597813,504.6
1593297951,A,-82.404157,36.3597682,504.5
1593297951,A,-82.4041377,36.3597552,504.5
1593297951,A,-82.4041185,36.359742,504.5
1593297951,A,-82.4040992,36.3597287,504.4
1593297951,A,-82.4040798,36.3597155,504.4
1593297951,A,-82.4040607,36.3597027,504.3
1593297951,A,-82.4040413,36.3596895,504.3
1593297951,A,-82.404022,36.3596765,504.2
1593297951,A,-82.4040028,36.3596635,504.2
1593297951,A,-82.4039837,36.3596503,504.1
1593297952,A,-82.4039645,36.3596373,504
1593297952,A,-82.4039453,36.3596243,503.9
1593297952,A,-82.403926,36.3596112,503.9
1593297952,A,-82.403907,36.359598,503.8
1593297952,A,-82.4038875,36.3595848,503.6
1593297952,A,-82.4038682,36.3595718,503.5
1593297952,A,-82.403849,36.3595588,503.5
1593297952,A,-82.4038293,36.3595457,503.4
1593297952,A,-82.40381,36.3595327,503.3
1593297952,A,-82.4037907,36.3595197,503.2
1593297953,A,-82.4037708,36.3595068,503.1
1593297953,A,-82.4037513,36.3594938,503.1
1593297953,A,-82.4037317,36.3594807,503
1593297953,A,-82.403712,36.3594677,502.9
1593297953,A,-82.403692,36.3594545,502.8
1593297953,A,-82.4036723,36.3594413,502.7
1593297953,A,-82.4036525,36.3594285,502.7
1593297953,A,-82.4036327,36.3594157,502.6
1593297953,A,-82.4036128,36.3594028,502.5
1593297953,A,-82.4035928,36.35939,502.4
1593297954,A,-82.403573,36.3593772,502.4
1593297954,A,-82.403553,36.3593642,502.3
1593297954,A,-82.403533,36.3593512,502.2
1593297954,A,-82.403513,36.3593382,502.1
1593297954,A,-82.4034928,36.3593252,501.9
1593297954,A,-82.4034728,36.3593122,501.9
1593297954,A,-82.4034525,36.3592992,501.7
1593297954,A,-82.4034322,36.3592862,501.7
1593297954,A,-82.4034118,36.3592735,501.6
1593297954,A,-82.4033915,36.3592602,501.6
1593297955,A,-82.4033712,36.3592473,501.5
1593297955,A,-82.403351,36.3592342,501.4
1593297955,A,-82.4033307,36.3592212,501.3
1593297955,A,-82.4033102,36.3592082,501.2
1593297955,A,-82.4032898,36.3591948,501.1
1593297955,A,-82.4032697,36.3591815,501.1
1593297955,A,-82.4032493,36.3591683,500.9
1593297955,A,-82.403229,36.3591552,500.8
1593297955,A,-82.4032085,36.3591422,500.6
1593297955,A,-82.4031882,36.359129,500.6
1593297956,A,-82.4031678,36.3591162,500.5
1593297956,A,-82.4031472,36.3591028,500.4
1593297956,A,-82.4031268,36.3590895,500.3
1593297956,A,-82.4031065,36.3590763,500.2
1593297956,A,-82.4030865,36.3590632,500.2
1593297956,A,-82.4030663,36.3590503,500.1
1593297956,A,-82.4030458,36.3590375,500
1593297956,A,-82.4030253,36.3590248,499.9
1593297956,A,-82.4030045,36.359012,499.8
1593297956,A,-82.4029835,36.3589977,499.8
1593297957,A,-82.4029627,36.3589848,499.7
1593297957,A,-82.4029425,36.3589722,499.6
1593297957,A,-82.4029218,36.358959,499.5
1593297957,A,-82.402901,36.3589458,499.4
1593297957,A,-82.4028802,36.3589333,499.3
1593297957,A,-82.4028595,36.3589208,499.2
1593297957,A,-82.4028385,36.3589073,499
1593297957,A,-82.4028178,36.3588943,498.9
1593297957,A,-82.4027968,36.3588807,498.8
1593297957,A,-82.402776,36.3588675,498.7
1593297958,A,-82.402755,36.3588542,498.6
1593297958,A,-82.402734,36.3588408,498.5
1593297958,A,-82.4027133,36.3588277,498.4
1593297958,A,-82.4026922,36.3588143,498.3
1593297958,A,-82.4026712,36.3588012,498.3
1593297958,A,-82.4026503,36.3587878,498.2
1593297958,A,-82.4026295,36.3587747,498.1
1593297958,A,-82.4026085,36.3587613,498.1
1593297958,A,-82.4025875,36.358748,498
1593297958,A,-82.4025665,36.3587348,497.9
1593297959,A,-82.4025455,36.3587217,497.8
1593297959,A,-82.4025245,36.3587083,497.7
1593297959,A,-82.4025033,36.3586952,497.6
1593297959,A,-82.4024823,36.3586813,497.6
1593297959,A,-82.4024613,36.3586683,497.5
1593297959,A,-82.4024403,36.358655,497.4
1593297959,A,-82.4024195,36.3586417,497.3
1593297959,A,-82.4023983,36.3586287,497.2
1593297959,A,-82.4023772,36.3586153,497.1
1593297959,A,-82.4023562,36.358602,497
1593297960,A,-82.4023353,36.3585888,496.9
1593297960,A,-82.4023143,36.3585755,496.8
1593297960,A,-82.4022932,36.3585622,496.6
1593297960,A,-82.4022722,36.358549,496.5
1593297960,A,-82.4022513,36.3585355,496.5
1593297960,A,-82.4022303,36.3585222,496.3
1593297960,A,-82.4022092,36.3585087,496.2
1593297960,A,-82.4021882,36.3584953,496.1
1593297960,A,-82.4021672,36.3584822,495.9
1593297960,A,-82.402146,36.3584687,495.9
1593297961,A,-82.402125,36.3584553,495.8
1593297961,A,-82.402104,36.3584418,495.6
1593297961,A,-82.4020828,36.3584285,495.5
1593297961,A,-82.4020617,36.358415,495.4
1593297961,A,-82.4020408,36.3584013,495.3
1593297961,A,-82.4020197,36.3583878,495.1
1593297961,A,-82.4019985,36.3583745,495.1
1593297961,A,-82.4019772,36.3583612,495
1593297961,A,-82.401956,36.3583477,495
1593297961,A,-82.4019347,36.358334,494.9
1593297962,A,-82.4019135,36.3583203,494.8
1593297962,A,-82.4018927,36.3583067,494.7
1593297962,A,-82.4018715,36.358293,494.7
1593297962,A,-82.4018505,36.3582793,494.6
1593297962,A,-82.4018295,36.3582657,494.4
1593297962,A,-82.4018085,36.358252,494.3
1593297962,A,-82.4017875,36.3582382,494.2
1593297962,A,-82.4017665,36.3582247,494.1
1593297962,A,-82.4017455,36.358211,493.9
1593297962,A,-82.4017243,36.3581973,493.8
1593297963,A,-82.4017033,36.3581837,493.7
1593297963,A,-82.4016822,36.35817,493.6
1593297963,A,-82.401661,36.3581565,493.5
1593297963,A,-82.40164,36.358143,493.4
1593297963,A,-82.4016188,36.3581293,493.3
1593297963,A,-82.4015975,36.3581157,493.2
1593297963,A,-82.4015765,36.358102,493.1
1593297963,A,-82.4015552,36.3580883,493
1593297963,A,-82.401534,36.3580747,492.9
1593297963,A,-82.4015128,36.358061,492.7
1593297964,A,-82.4014915,36.3580473,492.6
1593297964,A,-82.4014705,36.3580337,492.5
1593297964,A,-82.4014493,36.35802,492.4
1593297964,A,-82.4014283,36.3580065,492.2
1593297964,A,-82.4014073,36.3579928,492.1
1593297964,A,-82.4013863,36.3579793,492
1593297964,A,-82.4013653,36.3579658,491.9
1593297964,A,-82.4013445,36.3579523,491.8
1593297964,A,-82.4013237,36.357939,491.6
1593297964,A,-82.4013028,36.3579255,491.5
1593297965,A,-82.4012822,36.3579122,491.4
1593297965,A,-82.4012615,36.357899,491.3
1593297965,A,-82.401241,36.3578857,491.2
1593297965,A,-82.4012205,36.3578727,491.1
1593297965,A,-82.4012002,36.3578595,491
1593297965,A,-82.40118,36.3578465,490.9
1593297965,A,-82.4011598,36.3578335,490.8
1593297965,A,-82.4011397,36.3578207,490.7
1593297965,A,-82.4011197,36.3578078,490.6
1593297965,A,-82.4010997,36.357795,490.5
1593297966,A,-82.40108,36.3577823,490.4
1593297966,A,-82.4010602,36.3577697,490.3
1593297966,A,-82.4010405,36.357757,490.2
1593297966,A,-82.401021,36.3577445,490.1
1593297966,A,-82.4010015,36.3577318,490
1593297966,A,-82.4009822,36.3577193,489.8
1593297966,A,-82.4009628,36.3577068,489.7
1593297966,A,-82.4009435,36.3576943,489.6
1593297966,A,-82.4009242,36.3576818,489.5
1593297966,A,-82.4009048,36.3576695,489.4
1593297967,A,-82.4008855,36.357657,489.3
1593297967,A,-82.4008662,36.3576445,489.2
1593297967,A,-82.400847,36.3576322,489.1
1593297967,A,-82.4008275,36.3576197,489
1593297967,A,-82.4008083,36.3576072,488.9
1593297967,A,-82.4007892,36.3575948,488.8
1593297967,A,-82.4007697,36.3575822,488.7
1593297967,A,-82.4007503,36.3575698,488.6
1593297967,A,-82.4007312,36.3575573,488.5
1593297967,A,-82.4007118,36.3575448,488.4
1593297968,A,-82.4006927,36.3575322,488.3
1593297968,A,-82.4006735,36.3575197,488.2
1593297968,A,-82.4006542,36.357507,488
1593297968,A,-82.4006352,36.3574942,487.9
1593297968,A,-82.400616,36.3574815,487.8
1593297968,A,-82.400597,36.3574688,487.7
1593297968,A,-82.4005778,36.357456,487.6
1593297968,A,-82.4005587,36.3574432,487.4
1593297968,A,-82.4005397,36.3574303,487.4
1593297968,A,-82.4005208,36.3574173,487.2
1593297969,A,-82.4005017,36.3574043,487.1
1593297969,A,-82.4004828,36.3573913,487
1593297969,A,-82.400464,36.3573785,486.9
1593297969,A,-82.4004452,36.3573653,486.8
1593297969,A,-82.4004263,36.3573522,486.7
1593297969,A,-82.4004075,36.3573392,486.6
1593297969,A,-82.4003887,36.357326,486.5
1593297969,A,-82.4003698,36.3573127,486.3
1593297969,A,-82.4003512,36.3572995,486.2
1593297969,A,-82.4003323,36.3572862,486.1
1593297970,A,-82.4003135,36.3572728,486
1593297970,A,-82.4002948,36.3572597,485.9
1593297970,A,-82.4002762,36.3572463,485.8
1593297970,A,-82.4002573,36.3572328,485.7
1593297970,A,-82.400239,36.3572197,485.6
1593297970,A,-82.4002203,36.3572062,485.6
1593297970,A,-82.4002017,36.3571923,485.5
1593297970,A,-82.400183,36.3571788,485.4
1593297970,A,-82.4001643,36.3571652,485.3
1593297970,A,-82.4001458,36.3571517,485.3
1593297971,A,-82.4001273,36.3571382,485.2
1593297971,A,-82.4001087,36.3571243,485
1593297971,A,-82.4000903,36.3571108,484.9
1593297971,A,-82.4000718,36.3570972,484.8
1593297971,A,-82.4000533,36.3570833,484.7
1593297971,A,-82.400035,36.3570697,484.6
1593297971,A,-82.4000167,36.3570558,484.5
1593297971,A,-82.3999982,36.3570418,484.4
1593297971,A,-82.3999798,36.357028,484.3
1593297971,A,-82.3999617,36.3570142,484.2
1593297972,A,-82.3999433,36.3570002,484.1
1593297972,A,-82.399925,36.3569863,484
1593297972,A,-82.3999067,36.3569722,483.9
1593297972,A,-82.3998885,36.3569583,483.8
1593297972,A,-82.3998702,36.3569442,483.7
1593297972,A,-82.3998518,36.3569303,483.6
1593297972,A,-82.3998337,36.3569162,483.5
1593297972,A,-82.3998153,36.356902,483.4
1593297972,A,-82.3997972,36.3568878,483.3
1593297972,A,-82.3997788,36.3568737,483.2
1593297973,A,-82.3997607,36.3568595,483.1
1593297973,A,-82.3997425,36.3568453,483
1593297973,A,-82.3997243,36.3568312,482.9
1593297973,A,-82.3997063,36.356817,482.8
1593297973,A,-82.3996882,36.3568027,482.7
1593297973,A,-82.3996702,36.3567883,482.6
1593297973,A,-82.399652,36.3567742,482.5
1593297973,A,-82.399634,36.3567598,482.4
1593297973,A,-82.3996158,36.3567453,482.3
1593297973,A,-82.3995978,36.3567312,482.2
1593297974,A,-82.3995797,36.3567167,482.1
1593297974,A,-82.3995617,36.3567022,482
1593297974,A,-82.3995437,36.3566878,481.9
1593297974,A,-82.3995258,36.3566733,481.8
1593297974,A,-82.3995078,36.3566588,481.7
1593297974,A,-82.39949,36.3566442,481.6
1593297974,A,-82.3994722,36.3566297,481.5
1593297974,A,-82.3994543,36.3566148,481.3
1593297974,A,-82.3994365,36.3566002,481.2
1593297974,A,-82.3994187,36.3565855,481.1
1593297975,A,-82.3994008,36.3565707,480.9
1593297975,A,-82.399383,36.3565558,480.8
1593297975,A,-82.3993652,36.3565408,480.7
1593297975,A,-82.3993473,36.3565258,480.6
1593297975,A,-82.3993297,36.3565108,480.4
1593297975,A,-82.399312,36.3564958,480.3
1593297975,A,-82.3992943,36.3564807,480.2
1593297975,A,-82.3992768,36.3564655,480.1
1593297975,A,-82.3992592,36.3564502,479.9
1593297975,A,-82.3992415,36.356435,479.9
1593297976,A,-82.399224,36.3564197,479.7
1593297976,A,-82.3992065,36.3564042,479.6
1593297976,A,-82.3991893,36.3563888,479.5
1593297976,A,-82.399172,36.3563733,479.4
1593297976,A,-82.3991547,36.3563578,479.2
1593297976,A,-82.3991378,36.3563425,479.1
1593297976,A,-82.3991207,36.356327,479
1593297976,A,-82.399104,36.3563117,478.9
1593297976,A,-82.399087,36.3562962,478.8
1593297976,A,-82.3990705,36.3562808,478.6
1593297977,A,-82.3990538,36.3562655,478.5
1593297977,A,-82.3990372,36.3562503,478.4
1593297977,A,-82.3990208,36.3562352,478.3
